course_id,course_number,level,instructors,rooms_mentioned,scheduling_context,term,notes
CS 101,101,Undergraduate,,TECH 206,lecture/graduate classroom,Spring 2027,
CS 107,107,Undergraduate,,LAB 201; SOUTH 205; CAMPUS-CTR 137,lab/section; requested off-site room,Spring 2027,
CS 109,109,Undergraduate,,LAB 201; SOUTH 205,lab/section,Spring 2027,
CS 111,111,Undergraduate,,TECH 201/202/203/204,discussion/lecture,Spring 2027,
CS 141,141,Undergraduate,Thompson,AUD 100; TECH 201/202/203/204; LAB 201,lecture; discussion/lecture; overflow lab/section,Spring 2027,
CS 151,151,Undergraduate,Robinson; White,AUD 100; TECH 101/102/103/104,lecture; discussion/lab,Spring 2027,
CS 211,211,Undergraduate,Walker; Harris,AUD 100; TECH 101/102/103/104; TECH 201/202/203/204,lecture; discussion/lab; computer lab,Spring 2027,
CS 218,218,Undergraduate,,TECH 100,upper-level/elective,Spring 2027,
CS 251,251,Undergraduate,Johnson; Wright,AUD 100; TECH 101/102/103/104,lecture; discussion/lab,Spring 2027,
CS 261,261,Undergraduate,Martinez,AUD 100; TECH 101/102/103/104; TECH 201/202/203/204; HALL B,lecture; discussion/lab; computer lab,Spring 2027,
CS 277,277,Undergraduate,Thomas; Anderson,AUD 100; TECH 101/102/103/104,lecture; discussion/lab,Spring 2027,
CS 301,301,Undergraduate,Wilson; Johnson,AUD 100; TECH 201/202/203/204; HALL B,lecture; computer lab,Spring 2027,
CS 341,341,Undergraduate,Hall; Young,AUD 100; HALL B,lecture,Spring 2027,
CS 342,342,Undergraduate,Rodriguez,AUD 100; HALL B,lecture,Spring 2027,
CS 351,351,Undergraduate,,TECH 106,specialized/upper-level/graduate,Spring 2027,
CS 361,361,Undergraduate,Lee; King,AUD 100; TECH 106; TECH 101/102/103/104; TECH 201/202/203/204,lecture; specialized; discussion/lab; computer lab,Spring 2027,"Source grouped CS 361/362 with instructors (Lee, King); individual instructor mapping is not explicit."
CS 361A,361A,Undergraduate,,TECH 106,specialized/upper-level/graduate,Spring 2027,
CS 362,362,Undergraduate,Lee; King,AUD 100; TECH 201/202/203/204; HALL B,lecture; computer lab,Spring 2027,"Source grouped CS 361/362 with instructors (Lee, King); individual instructor mapping is not explicit."
CS 377,377,Undergraduate,,TECH 100; TECH 201/202/203/204,upper-level/elective; discussion/lecture,Spring 2027,
CS 378,378,Undergraduate,Garcia,HALL B,lecture,Spring 2027,
CS 401,401,Undergraduate,Miller; Jackson,TECH 100; TECH 206; AUD C1,upper-level/elective; 400-level core/graduate; lecture,Spring 2027,
CS 407,407,Undergraduate,,TECH 106,specialized/upper-level/graduate,Spring 2027,
CS 411,411,Undergraduate,,TECH 206,400-level core/graduate,Spring 2027,
CS 412,412,Undergraduate,,TECH 106,specialized/upper-level/graduate,Spring 2027,
CS 415,415,Undergraduate,,TECH 206,400-level core/graduate,Spring 2027,
CS 418,418,Undergraduate,Green; Davis,AUD C1,lecture,Spring 2027,
CS 421,421,Undergraduate,Scott; Wright,AUD C1; HALL B,lecture,Spring 2027,
CS 422,422,Undergraduate,,TECH 106,specialized/upper-level/graduate,Spring 2027,
CS 423,423,Undergraduate,,TECH 206,400-level core/graduate,Spring 2027,
CS 426,426,Undergraduate,Clark,TECH 106,specialized/upper-level/graduate,Spring 2027,
CS 427,427,Undergraduate,,RESEARCH 206,requested room,Spring 2027,
CS 428,428,Undergraduate,,TECH 106,specialized/upper-level/graduate,Spring 2027,
CS 440,440,Undergraduate,,CAMPUS-CTR 240,requested off-site room,Spring 2027,
CS 442,442,Undergraduate,,CAMPUS-CTR 240,requested off-site room,Spring 2027,
CS 450,450,Undergraduate,,TECH 206,400-level core/graduate,Spring 2027,
CS 453,453,Undergraduate,,TECH 100,upper-level/elective,Spring 2027,
CS 454,454,Undergraduate,,TECH 206,400-level core/graduate,Spring 2027,
CS 455,455,Undergraduate,,TECH 106,specialized/upper-level/graduate,Spring 2027,
CS 461,461,Undergraduate,,TECH 106,specialized/upper-level/graduate,Spring 2027,
CS 472,472,Undergraduate,,TECH 206,400-level core/graduate,Spring 2027,
CS 474,474,Undergraduate,Lewis,AUD C1,lecture,Spring 2027,
CS 476,476,Undergraduate,,TECH 106,specialized/upper-level/graduate,Spring 2027,
CS 478,478,Undergraduate,Taylor,AUD C1,lecture,Spring 2027,
CS 480,480,Undergraduate,Martin; Allen,TECH 100; AUD C1,upper-level/elective; lecture,Spring 2027,
CS 494,494,Undergraduate,,,placeholder topic/section,Spring 2027,
CS 511,511,Graduate,,TECH 100,graduate seminar/course,Spring 2027,
CS 512,512,Graduate,,TECH 201/202/203/204,graduate topic/placeholder,Spring 2027,
CS 514,514,Graduate,,TECH 100,graduate seminar/course,Spring 2027,
CS 518,518,Graduate,,TECH 201/202/203/204,graduate topic/placeholder,Spring 2027,
CS 519,519,Graduate,,TECH 201/202/203/204,graduate topic/placeholder,Spring 2027,
CS 524,524,Graduate,,TECH 106,graduate/specialized,Spring 2027,
CS 528,528,Graduate,,TECH 201/202/203/204,graduate topic/placeholder,Spring 2027,
CS 533,533,Graduate,,TECH 100,graduate seminar/course,Spring 2027,
CS 535,535,Graduate,,TECH 106,graduate/specialized,Spring 2027,
CS 540,540,Graduate,,TECH 201/202/203/204,graduate topic/placeholder,Spring 2027,
CS 550,550,Graduate,,TECH 100,graduate seminar/course,Spring 2027,
CS 553,553,Graduate,,TECH 100,graduate seminar/course,Spring 2027,
CS 559,559,Graduate,,TECH 100,graduate seminar/course,Spring 2027,
CS 568,568,Graduate,,TECH 201/202/203/204,graduate topic/placeholder,Spring 2027,
CS 581,581,Graduate,,TECH 201/202/203/204,graduate topic/placeholder,Spring 2027,
CS 582,582,Graduate,,TECH 100,graduate seminar/course,Spring 2027,
CS 583,583,Graduate,,TECH 100,graduate seminar/course,Spring 2027,
CS 588,588,Graduate,,TECH 206,graduate course,Spring 2027,
CS 590,590,Graduate,,TECH 201/202/203/204,graduate topic/placeholder,Spring 2027,
CS 594,594,Graduate,,TECH 201/202/203/204,graduate topic/placeholder,Spring 2027,
