instructor_id,instructor_name,courses,course_count,term,notes
I001,Miller,CS 401,1,Spring 2027,
I002,Johnson,CS 251; CS 301,2,Spring 2027,
I003,Davis,CS 418,1,Spring 2027,
I004,Wilson,CS 301,1,Spring 2027,
I005,Taylor,CS 478,1,Spring 2027,
I006,Anderson,CS 277,1,Spring 2027,
I007,Thomas,CS 277,1,Spring 2027,
I008,Jackson,CS 401,1,Spring 2027,
I009,White,CS 151,1,Spring 2027,
I010,Harris,CS 211,1,Spring 2027,
I011,Martin,CS 480,1,Spring 2027,
I012,Thompson,CS 141,1,Spring 2027,
I013,Garcia,CS 378,1,Spring 2027,
I014,Martinez,CS 261,1,Spring 2027,
I015,Robinson,CS 151,1,Spring 2027,
I016,Clark,CS 426,1,Spring 2027,
I017,Rodriguez,CS 342,1,Spring 2027,
I018,Lewis,CS 474,1,Spring 2027,
I019,Lee,CS 361; CS 362,2,Spring 2027,
I020,Walker,CS 211,1,Spring 2027,
I021,Hall,CS 341,1,Spring 2027,
I022,Allen,CS 480,1,Spring 2027,
I023,Young,CS 341,1,Spring 2027,
I024,King,CS 361; CS 362,2,Spring 2027,
I025,Wright,CS 251; CS 421,2,Spring 2027,
I026,Scott,CS 421,1,Spring 2027,
I027,Green,CS 418,1,Spring 2027,
